report_contxxx0040014 , finished
report_contxxx0040020 , finished
report_contxxx0040024 , finished
report_contxxx0040053 , finished
report_contxxx0040013 , finished
report_contxxx0040023 , finished
report_contxxx0040052 , finished
report_contxxx0040026 , finished
report_contxxx0040018 , finished
report_contxxx0040017 , finished
report_contxxx0040027 , finished
report_contxxx0040030 , finished
report_contxxx0040056 , finished
report_contxxx0040067 , finished
report_contxxx0040062 , finished
report_contxxx0040055 , finished
report_contxxx0040066 , finished
report_contxxx0040036 , finished
summary_template , finished
report_contxxx0040031 , finished
report_contxxx0040038 , finished
report_contxxx0040087 , finished
report_contxxx0040033 , finished
report_contxxx0040035 , finished
report_contxxx0040086 , finished
report_contxxx0040019 , finished
report_contxxx0040051 , finished
report_contxxx0040061 , finished
report_contxxx0040063 , finished
report_contxxx0040069 , finished
report_contxxx0040058 , finished
report_contxxx0040068 , finished
report_contxxx0040102 , finished
report_contxxx0040104 , finished
report_contxxx0040114 , finished
report_contxxx0040111 , finished
report_contxxx0040090 , finished
report_contxxx0040091 , finished
report_contxxx0040113 , finished
report_contxxx0040107 , finished
report_contxxx0040076 , finished
report_contxxx0040065 , finished
report_contxxx0040074 , finished
report_contxxx0040116 , finished
report_contxxx0040115 , finished
report_contxxx0040119 , finished
report_contxxx0040118 , finished
report_contxxx0040093 , finished
report_contxxx0040095 , finished
report_contxxx0040121 , finished
report_contxxx0040123 , finished
report_contxxx0040043 , finished
report_contxxx0040120 , finished
report_contxxx0040124 , finished
report_contxxx0040125 , finished
report_contxxx0040131 , finished
report_contxxx0040045 , finished
report_contxxx0040054 , finished
report_contxxx0040138 , finished
report_contxxx0040128 , finished
report_contxxx0040127 , finished
report_contxxx0040130 , finished
report_contxxx0040135 , finished
report_contxxx0040136 , finished
report_contxxx0040139 , finished
report_contxxx0040140 , finished
report_contxxx0040144 , finished
report_szxxx0040002 , finished
report_contxxx0040147 , finished
report_szxxx0040003 , finished
report_contxxx0040146 , finished
report_szxxx0040001 , finished
report_szxxx0040004 , finished
report_szxxx0040005 , finished
report_szxxx0040006 , finished
report_szxxx0040008 , finished
report_szxxx0040000 , finished
report_szxxx0040007 , finished
report_szxxx0040009 , finished
report_szxxx0040015 , finished
report_contxxx0040048 , finished
report_szxxx0040016 , finished
report_szxxx0040010 , finished
report_szxxx0040021 , finished
report_szxxx0040022 , finished
report_szxxx0040025 , finished
report_szxxx0040029 , finished
report_contxxx0040050 , finished
report_szxxx0040011 , finished
report_szxxx0040028 , finished
report_szxxx0040032 , finished
report_szxxx0040012 , finished
report_contxxx0040057 , finished
report_szxxx0040040 , finished
report_szxxx0040046 , finished
report_szxxx0040037 , finished
report_szxxx0040041 , finished
report_szxxx0040059 , finished
report_szxxx0040047 , finished
report_szxxx0040064 , finished
report_szxxx0040071 , finished
report_szxxx0040060 , finished
report_szxxx0040072 , finished
report_szxxx0040049 , finished
report_szxxx0040075 , finished
report_szxxx0040039 , finished
report_szxxx0040078 , finished
report_contxxx0040141 , finished
report_szxxx0040073 , finished
report_szxxx0040077 , finished
report_szxxx0040081 , finished
report_szxxx0040084 , finished
wrapper_contxxx0040023 , finished
wrapper_contxxx0040024 , finished
wrapper_contxxx0040026 , finished
wrapper_contxxx0040027 , finished
wrapper_contxxx0040030 , finished
wrapper_contxxx0040031 , finished
wrapper_contxxx0040033 , finished
wrapper_contxxx0040035 , finished
wrapper_contxxx0040036 , finished
wrapper_contxxx0040038 , finished
wrapper_contxxx0040043 , finished
wrapper_contxxx0040045 , finished
wrapper_contxxx0040048 , finished
wrapper_contxxx0040050 , finished
wrapper_contxxx0040051 , finished
wrapper_contxxx0040052 , finished
wrapper_contxxx0040054 , finished
wrapper_contxxx0040055 , finished
wrapper_contxxx0040056 , finished
wrapper_contxxx0040057 , finished
wrapper_contxxx0040058 , finished
wrapper_contxxx0040061 , finished
wrapper_contxxx0040062 , finished
wrapper_contxxx0040063 , finished
wrapper_contxxx0040065 , finished
report_szxxx0040082 , finished
report_szxxx0040089 , finished
wrapper_contxxx0040066 , finished
wrapper_contxxx0040067 , finished
wrapper_contxxx0040068 , finished
wrapper_contxxx0040074 , finished
wrapper_contxxx0040076 , finished
wrapper_contxxx0040086 , finished
wrapper_contxxx0040087 , finished
wrapper_contxxx0040090 , finished
wrapper_contxxx0040091 , finished
wrapper_contxxx0040093 , finished
wrapper_contxxx0040102 , finished
wrapper_contxxx0040104 , finished
wrapper_contxxx0040107 , finished
wrapper_contxxx0040111 , finished
wrapper_contxxx0040113 , finished
wrapper_contxxx0040114 , finished
wrapper_contxxx0040116 , finished
wrapper_contxxx0040118 , finished
wrapper_contxxx0040120 , finished
wrapper_contxxx0040121 , finished
wrapper_contxxx0040123 , finished
wrapper_contxxx0040124 , finished
wrapper_contxxx0040125 , finished
wrapper_contxxx0040127 , finished
report_contxxx0040134 , finished
report_szxxx0040085 , finished
wrapper_contxxx0040069 , finished
wrapper_contxxx0040095 , finished
wrapper_contxxx0040119 , finished
wrapper_contxxx0040128 , finished
wrapper_contxxx0040129 , finished
wrapper_contxxx0040130 , finished
wrapper_contxxx0040131 , finished
wrapper_contxxx0040134 , finished
wrapper_contxxx0040135 , finished
wrapper_contxxx0040136 , finished
wrapper_contxxx0040138 , finished
wrapper_contxxx0040139 , finished
wrapper_contxxx0040140 , finished
wrapper_contxxx0040141 , finished
wrapper_contxxx0040144 , finished
wrapper_contxxx0040146 , finished
wrapper_contxxx0040147 , finished
wrapper_szxxx0040000 , finished
wrapper_szxxx0040001 , finished
wrapper_szxxx0040004 , finished
wrapper_szxxx0040005 , finished
wrapper_szxxx0040006 , finished
wrapper_szxxx0040007 , finished
wrapper_szxxx0040008 , finished
wrapper_szxxx0040009 , finished
wrapper_szxxx0040010 , finished
wrapper_szxxx0040011 , finished
report_contxxx0040129 , finished
wrapper_szxxx0040012 , finished
wrapper_szxxx0040015 , finished
wrapper_szxxx0040016 , finished
wrapper_szxxx0040021 , finished
wrapper_szxxx0040022 , finished
wrapper_szxxx0040025 , finished
wrapper_szxxx0040028 , finished
wrapper_szxxx0040029 , finished
wrapper_szxxx0040032 , finished
wrapper_szxxx0040034 , finished
wrapper_szxxx0040037 , finished
wrapper_szxxx0040039 , finished
wrapper_szxxx0040040 , finished
wrapper_szxxx0040041 , finished
wrapper_szxxx0040042 , finished
wrapper_szxxx0040044 , finished
wrapper_szxxx0040046 , finished
wrapper_szxxx0040047 , finished
wrapper_szxxx0040060 , finished
wrapper_szxxx0040064 , finished
wrapper_szxxx0040071 , finished
wrapper_szxxx0040072 , finished
wrapper_szxxx0040073 , finished
wrapper_szxxx0040078 , finished
wrapper_szxxx0040079 , finished
wrapper_szxxx0040075 , finished
wrapper_szxxx0040077 , finished
wrapper_szxxx0040080 , finished
wrapper_szxxx0040081 , finished
wrapper_szxxx0040082 , finished
wrapper_szxxx0040084 , finished
wrapper_szxxx0040085 , finished
wrapper_szxxx0040089 , finished
wrapper_szxxx0040092 , finished
wrapper_szxxx0040094 , finished
wrapper_szxxx0040097 , finished
wrapper_szxxx0040098 , finished
wrapper_szxxx0040099 , finished
wrapper_szxxx0040100 , finished
wrapper_szxxx0040103 , finished
wrapper_szxxx0040106 , finished
wrapper_szxxx0040108 , finished
wrapper_szxxx0040110 , finished
wrapper_szxxx0040117 , finished
wrapper_szxxx0040122 , finished
wrapper_szxxx0040132 , finished
report_szxxx0040080 , finished
report_szxxx0040088 , finished
report_szxxx0040097 , finished
wrapper_szxxx0040088 , finished
wrapper_szxxx0040096 , finished
wrapper_szxxx0040101 , finished
wrapper_szxxx0040109 , finished
wrapper_szxxx0040112 , finished
wrapper_szxxx0040126 , finished
wrapper_szxxx0040137 , finished
wrapper_szxxx0040142 , finished
report_szxxx0040092 , finished
wrapper_szxxx0040133 , finished
wrapper_szxxx0040143 , finished
wrapper_szxxx0040145 , finished
report_szxxx0040044 , finished
report_szxxx0040098 , finished
report_szxxx0040094 , finished
report_szxxx0040100 , finished
report_szxxx0040101 , finished
report_szxxx0040103 , finished
report_szxxx0040105 , finished
report_szxxx0040109 , finished
init_report , finished
wrapper_szxxx0040059 , finished
report_szxxx0040122 , finished
wrapper_contxxx0040017 , finished
report_szxxx0040079 , finished
report_szxxx0040099 , finished
report_szxxx0040112 , finished
wrapper_contxxx0040013 , finished
report_szxxx0040110 , finished
report_szxxx0040126 , finished
index_html , finished
wrapper_contxxx0040018 , finished
report_szxxx0040117 , finished
report_szxxx0040133 , finished
wrapper_contxxx0040019 , finished
wrapper_contxxx0040053 , finished
report_szxxx0040132 , finished
report_szxxx0040142 , finished
wrapper_contxxx0040020 , finished
wrapper_contxxx0040115 , finished
report_szxxx0040143 , finished
wrapper_szxxx0040003 , finished
report_szxxx0040145 , finished
wrapper_szxxx0040002 , finished
report_szxxx0040137 , finished
report_szxxx0040042 , finished
report_szxxx0040034 , finished
report_szxxx0040106 , finished
wrapper_contxxx0040014 , finished
report_szxxx0040108 , finished
wrapper_szxxx0040049 , finished
report_szxxx0040096 , finished
wrapper_szxxx0040105 , finished
